Id_No,Sl_No,District Name,Market Name,Commodity,Variety,Grade,Min_Price,Max_Price,Modal_Price,Price_Date
34,35,Bhatinda,Bathinda,Wheat,Other,FAQ,1100,1100,1100,06-04-2010
33,34,Bhatinda,Bathinda,Wheat,Other,FAQ,1100,1100,1100,07-04-2010
31,32,Bhatinda,Bathinda,Wheat,Other,FAQ,1100,1100,1100,08-04-2010
30,31,Bhatinda,Bathinda,Wheat,Other,FAQ,1100,1100,1100,09-04-2010
1644,1645,Bhatinda,Sangat,Wheat,Other,FAQ,1100,1100,1100,10-04-2010
962,963,Bhatinda,Rampura Phul,Wheat,Other,FAQ,1100,1100,1100,11-04-2010
960,961,Bhatinda,Rampura Phul,Wheat,Other,FAQ,1100,1100,1100,12-04-2010
1618,1619,Bhatinda,Sangat,Wheat,Other,FAQ,1100,1100,1100,13-04-2010
1064,1065,Bhatinda,Rampuraphul(Bhai Rupan),Wheat,Other,FAQ,1100,1100,1100,14-04-2010
1061,1062,Bhatinda,Rampuraphul(Bhai Rupan),Wheat,Other,FAQ,1100,1100,1100,15-04-2010
23,24,Bhatinda,Bathinda,Wheat,Other,FAQ,1100,1100,1100,16-04-2010
1783,1784,Bhatinda,Talwandi Sabo,Wheat,Other,FAQ,1100,1100,1100,17-04-2010
1149,1150,Bhatinda,Rampuraphul(Chowke),Wheat,Other,FAQ,1100,1100,1100,18-04-2010
304,305,Bhatinda,Bhucho,Wheat,Kanak,FAQ,1100,1100,1100,19-04-2010
1556,1557,Bhatinda,Sangat,Wheat,Other,FAQ,1100,1105,1100,20-04-2010
1546,1547,Bhatinda,Sangat,Wheat,Other,FAQ,1100,1105,1100,21-04-2010
276,277,Bhatinda,Bhucho,Wheat,Kanak,FAQ,1100,1100,1100,22-04-2010
13,14,Bhatinda,Bathinda,Wheat,Other,FAQ,1100,1100,1100,23-04-2010
258,259,Bhatinda,Bhucho,Wheat,Kanak,FAQ,1100,1100,1100,24-04-2010
249,250,Bhatinda,Bhucho,Wheat,Kanak,FAQ,1100,1100,1100,25-04-2010
498,499,Bhatinda,Maur,Wheat,Other,FAQ,1100,1100,1100,26-04-2010
1203,1204,Bhatinda,Rampuraphul(Dhapali),Wheat,Other,FAQ,1100,1100,1100,27-04-2010
223,224,Bhatinda,Bhucho,Wheat,Kanak,FAQ,1100,1100,1100,28-04-2010
1719,1720,Bhatinda,Talwandi Sabo,Wheat,Other,FAQ,1100,1100,1100,29-04-2010
1194,1195,Bhatinda,Rampuraphul(Dhapali),Wheat,Other,FAQ,1100,1100,1100,30-04-2010
416,417,Bhatinda,Bhucho,Wheat,Kanak,FAQ,1100,1100,1100,01-05-2010
995,996,Bhatinda,Rampura Phul,Wheat,Other,FAQ,1100,1100,1100,02-05-2010
1267,1268,Bhatinda,Rampuraphul(Dhapali),Wheat,Other,FAQ,1100,1100,1100,03-05-2010
986,987,Bhatinda,Rampura Phul,Wheat,Other,FAQ,1100,1100,1100,04-05-2010
1843,1844,Bhatinda,Talwandi Sabo,Wheat,Other,FAQ,1100,1100,1100,05-05-2010
978,979,Bhatinda,Rampura Phul,Wheat,Other,FAQ,1100,1100,1100,06-05-2010
386,387,Bhatinda,Bhucho,Wheat,Kanak,FAQ,1100,1100,1100,07-05-2010
1256,1257,Bhatinda,Rampuraphul(Dhapali),Wheat,Other,FAQ,1100,1100,1100,08-05-2010
635,636,Bhatinda,Maur,Wheat,Other,FAQ,1100,1100,1100,09-05-2010
1820,1821,Bhatinda,Talwandi Sabo,Wheat,Other,FAQ,1100,1100,1100,10-05-2010
1073,1074,Bhatinda,Rampuraphul(Bhai Rupan),Wheat,Other,FAQ,1100,1100,1100,11-05-2010
1160,1161,Bhatinda,Rampuraphul(Chowke),Wheat,Other,FAQ,1100,1100,1100,12-05-2010
1803,1804,Bhatinda,Talwandi Sabo,Wheat,Other,FAQ,1100,1100,1100,13-05-2010
601,602,Bhatinda,Maur,Wheat,Other,FAQ,1100,1100,1100,14-05-2010
591,592,Bhatinda,Maur,Wheat,Other,FAQ,1100,1100,1100,15-05-2010
582,583,Bhatinda,Maur,Wheat,Other,FAQ,1100,1100,1100,16-05-2010
105,106,Bhatinda,Bhagta Bhai Ka,Wheat,Other,FAQ,1100,1100,1100,17-05-2010
565,566,Bhatinda,Maur,Wheat,Other,FAQ,1100,1100,1100,18-05-2010
501,502,Bhatinda,Maur,Wheat,Other,FAQ,1100,1100,1100,25-05-2010
602,603,Bhatinda,Maur,Wheat,Other,FAQ,1100,1105,1100,14-06-2010
592,593,Bhatinda,Maur,Wheat,Other,FAQ,1100,1140,1100,15-06-2010
469,470,Bhatinda,Maur,Wheat,Other,FAQ,1120,1140,1130,29-06-2010
662,663,Bhatinda,Maur,Wheat,Other,FAQ,1100,1140,1100,05-07-2010
654,655,Bhatinda,Maur,Wheat,Other,FAQ,1100,1130,1100,06-07-2010
32,33,Bhatinda,Bathinda,Wheat,Other,FAQ,1600,1900,1700,07-09-2010
656,657,Bhatinda,Maur,Wheat,Other,FAQ,1300,1500,1400,05-11-2010
206,207,Bhatinda,Bhucho,Wheat,Other,FAQ,1400,1450,1400,31-01-2011
393,394,Bhatinda,Bhucho,Wheat,Other,FAQ,1100,1150,1100,06-02-2011
387,388,Bhatinda,Bhucho,Wheat,Other,FAQ,1100,1150,1100,07-02-2011
381,382,Bhatinda,Bhucho,Wheat,Other,FAQ,1100,1150,1100,08-02-2011
374,375,Bhatinda,Bhucho,Wheat,Other,FAQ,1100,1150,1100,09-02-2011
369,370,Bhatinda,Bhucho,Wheat,Other,FAQ,1100,1150,1100,10-02-2011
361,362,Bhatinda,Bhucho,Wheat,Other,FAQ,1100,1150,1100,11-02-2011
348,349,Bhatinda,Bhucho,Wheat,Other,FAQ,1110,1150,1110,13-02-2011
342,343,Bhatinda,Bhucho,Wheat,Other,FAQ,1100,1150,1100,14-02-2011
320,321,Bhatinda,Bhucho,Wheat,Other,FAQ,1100,1150,1100,17-02-2011
319,320,Bhatinda,Bhucho,Wheat,Other,FAQ,1000,1000,1000,17-03-2011
252,253,Bhatinda,Bhucho,Wheat,Other,FAQ,1000,1100,1000,24-03-2011
25,26,Bhatinda,Bathinda,Wheat,Other,FAQ,1120,1120,1120,14-04-2011
336,337,Bhatinda,Bhucho,Wheat,Other,FAQ,1120,1120,1120,15-04-2011
22,23,Bhatinda,Bathinda,Wheat,Other,FAQ,1120,1120,1120,16-04-2011
323,324,Bhatinda,Bhucho,Wheat,Other,FAQ,1120,1120,1120,17-04-2011
788,789,Bhatinda,Raman,Wheat,Other,FAQ,1120,1120,1120,18-04-2011
780,781,Bhatinda,Raman,Wheat,Other,FAQ,1120,1120,1120,19-04-2011
95,96,Bhatinda,Bhagta Bhai Ka,Wheat,Other,FAQ,1120,1120,1120,20-04-2011
284,285,Bhatinda,Bhucho,Wheat,Other,FAQ,1120,1120,1120,21-04-2011
754,755,Bhatinda,Raman,Wheat,Other,FAQ,1120,1120,1120,22-04-2011
1522,1523,Bhatinda,Sangat,Wheat,Other,FAQ,1120,1125,1120,23-04-2011
739,740,Bhatinda,Raman,Wheat,Other,FAQ,1120,1120,1120,24-04-2011
67,68,Bhatinda,Bhagta Bhai Ka,Wheat,Other,FAQ,1120,1120,1120,25-04-2011
1501,1502,Bhatinda,Sangat,Wheat,Other,FAQ,1120,1125,1120,26-04-2011
230,231,Bhatinda,Bhucho,Wheat,Other,FAQ,1120,1120,1120,27-04-2011
1487,1488,Bhatinda,Sangat,Wheat,Other,FAQ,1120,1125,1120,28-04-2011
1,2,Bhatinda,Bathinda,Wheat,Other,FAQ,1120,1125,1120,29-04-2011
0,1,Bhatinda,Bathinda,Wheat,Other,FAQ,1120,1125,1120,30-04-2011
158,159,Bhatinda,Bhagta Bhai Ka,Wheat,Other,FAQ,1170,1170,1170,01-05-2011
1700,1701,Bhatinda,Sangat,Wheat,Other,FAQ,1120,1125,1120,02-05-2011
868,869,Bhatinda,Raman,Wheat,Other,FAQ,1120,1120,1120,03-05-2011
1684,1685,Bhatinda,Sangat,Wheat,Other,FAQ,1120,1125,1120,04-05-2011
856,857,Bhatinda,Raman,Wheat,Other,FAQ,1120,1120,1120,05-05-2011
391,392,Bhatinda,Bhucho,Wheat,Other,FAQ,1120,1120,1120,06-05-2011
1664,1665,Bhatinda,Sangat,Wheat,Other,FAQ,1120,1125,1120,07-05-2011
836,837,Bhatinda,Raman,Wheat,Other,FAQ,1120,1120,1120,08-05-2011
1652,1653,Bhatinda,Sangat,Wheat,Other,FAQ,1120,1125,1120,09-05-2011
126,127,Bhatinda,Bhagta Bhai Ka,Wheat,Other,FAQ,1120,1120,1120,10-05-2011
360,361,Bhatinda,Bhucho,Wheat,Other,FAQ,1120,1120,1120,11-05-2011
1625,1626,Bhatinda,Sangat,Wheat,Other,FAQ,1120,1125,1120,12-05-2011
118,119,Bhatinda,Bhagta Bhai Ka,Wheat,Other,FAQ,1120,1120,1120,13-05-2011
807,808,Bhatinda,Raman,Wheat,Other,FAQ,1120,1120,1120,14-05-2011
1596,1597,Bhatinda,Sangat,Wheat,Other,FAQ,1120,1125,1120,15-05-2011
327,328,Bhatinda,Bhucho,Wheat,Other,FAQ,1120,1120,1120,16-05-2011
1576,1577,Bhatinda,Sangat,Wheat,Other,FAQ,1120,1125,1120,17-05-2011
100,101,Bhatinda,Bhagta Bhai Ka,Wheat,Other,FAQ,1120,1120,1120,18-05-2011
1558,1559,Bhatinda,Sangat,Wheat,Other,FAQ,1120,1120,1120,19-05-2011
767,768,Bhatinda,Raman,Wheat,Other,FAQ,1120,1120,1120,20-05-2011
1538,1539,Bhatinda,Sangat,Wheat,Other,FAQ,1120,1125,1120,21-05-2011
1525,1526,Bhatinda,Sangat,Wheat,Other,FAQ,1120,1125,1120,22-05-2011
742,743,Bhatinda,Raman,Wheat,Other,FAQ,1120,1120,1120,23-05-2011
251,252,Bhatinda,Bhucho,Wheat,Other,FAQ,1120,1120,1120,24-05-2011
241,242,Bhatinda,Bhucho,Wheat,Other,FAQ,1120,1120,1120,25-05-2011
233,234,Bhatinda,Bhucho,Wheat,Other,FAQ,1120,1120,1120,26-05-2011
710,711,Bhatinda,Raman,Wheat,Other,FAQ,1120,1120,1120,27-05-2011
703,704,Bhatinda,Raman,Wheat,Other,FAQ,1120,1120,1120,28-05-2011
691,692,Bhatinda,Raman,Wheat,Other,FAQ,1120,1120,1120,30-05-2011
690,691,Bhatinda,Raman,Wheat,Other,FAQ,1120,1120,1120,31-05-2011
155,156,Bhatinda,Bhagta Bhai Ka,Wheat,Other,FAQ,900,1100,1050,02-08-2011
430,431,Bhatinda,Goniana,Wheat,Other,FAQ,1285,1285,1285,17-04-2012
940,941,Bhatinda,Rampura Phul,Wheat,Other,FAQ,1285,1285,1285,18-04-2012
1911,1912,Bhatinda,Talwandi Sabo(Kot Fatta),Wheat,Other,FAQ,1285,1285,1285,19-04-2012
292,293,Bhatinda,Bhucho,Wheat,Other,FAQ,1285,1285,1285,20-04-2012
1761,1762,Bhatinda,Talwandi Sabo,Wheat,Other,FAQ,1285,1285,1285,21-04-2012
1898,1899,Bhatinda,Talwandi Sabo(Kot Fatta),Wheat,Other,FAQ,1285,1285,1285,22-04-2012
78,79,Bhatinda,Bhagta Bhai Ka,Wheat,Other,FAQ,1285,1285,1285,23-04-2012
256,257,Bhatinda,Bhucho,Wheat,Other,FAQ,1285,1285,1285,24-04-2012
247,248,Bhatinda,Bhucho,Wheat,Other,FAQ,1285,1285,1285,25-04-2012
1123,1124,Bhatinda,Rampuraphul(Chowke),Wheat,Other,FAQ,1285,1285,1285,26-04-2012
1873,1874,Bhatinda,Talwandi Sabo(Kot Fatta),Wheat,Other,FAQ,1285,1285,1285,27-04-2012
1868,1869,Bhatinda,Talwandi Sabo(Kot Fatta),Wheat,Other,FAQ,1285,1285,1285,28-04-2012
700,701,Bhatinda,Raman,Wheat,Other,FAQ,1285,1285,1285,29-04-2012
40,41,Bhatinda,Bhagta Bhai Ka,Wheat,Other,FAQ,1285,1285,1285,30-04-2012
1467,1468,Bhatinda,Rampuraphul(Nabha Mandi),Wheat,Other,FAQ,1285,1285,1285,01-05-2012
1699,1700,Bhatinda,Sangat,Wheat,Other,FAQ,1285,1285,1285,02-05-2012
1369,1370,Bhatinda,Rampuraphul(Mehraj),Wheat,Other,FAQ,1285,1285,1285,03-05-2012
1455,1456,Bhatinda,Rampuraphul(Nabha Mandi),Wheat,Other,FAQ,1285,1285,1285,04-05-2012
661,662,Bhatinda,Maur,Wheat,Other,FAQ,1285,1285,1285,05-05-2012
653,654,Bhatinda,Maur,Wheat,Other,FAQ,1285,1285,1285,06-05-2012
1940,1941,Bhatinda,Talwandi Sabo(Kot Fatta),Wheat,Other,FAQ,1285,1285,1285,07-05-2012
1937,1938,Bhatinda,Talwandi Sabo(Kot Fatta),Wheat,Other,FAQ,1285,1285,1285,08-05-2012
128,129,Bhatinda,Bhagta Bhai Ka,Wheat,Other,FAQ,1285,1285,1285,09-05-2012
366,367,Bhatinda,Bhucho,Wheat,Other,FAQ,1285,1285,1285,10-05-2012
1633,1634,Bhatinda,Sangat,Wheat,Other,FAQ,1285,1285,1285,11-05-2012
435,436,Bhatinda,Goniana,Wheat,Other,FAQ,1285,1285,1285,12-05-2012
609,610,Bhatinda,Maur,Wheat,Other,FAQ,1285,1285,1285,13-05-2012
806,807,Bhatinda,Raman,Wheat,Other,FAQ,1285,1285,1285,14-05-2012
432,433,Bhatinda,Goniana,Wheat,Other,FAQ,1285,1285,1285,15-05-2012
1786,1787,Bhatinda,Talwandi Sabo,Wheat,Other,FAQ,1285,1285,1285,16-05-2012
1236,1237,Bhatinda,Rampuraphul(Dhapali),Wheat,Other,FAQ,1285,1285,1285,17-05-2012
1053,1054,Bhatinda,Rampuraphul(Bhai Rupan),Wheat,Other,FAQ,1285,1285,1285,18-05-2012
553,554,Bhatinda,Maur,Wheat,Other,FAQ,1285,1285,1285,19-05-2012
287,288,Bhatinda,Bhucho,Wheat,Other,FAQ,1285,1285,1285,20-05-2012
1412,1413,Bhatinda,Rampuraphul(Nabha Mandi),Wheat,Other,FAQ,1285,1285,1285,21-05-2012
526,527,Bhatinda,Maur,Wheat,Other,FAQ,1285,1285,1285,22-05-2012
517,518,Bhatinda,Maur,Wheat,Other,FAQ,1285,1285,1285,23-05-2012
733,734,Bhatinda,Raman,Wheat,Other,FAQ,1285,1285,1285,24-05-2012
500,501,Bhatinda,Maur,Wheat,Other,FAQ,1285,1285,1285,25-05-2012
232,233,Bhatinda,Bhucho,Wheat,Other,FAQ,1285,1285,1285,26-05-2012
483,484,Bhatinda,Maur,Wheat,Other,FAQ,1285,1285,1285,27-05-2012
1720,1721,Bhatinda,Talwandi Sabo,Wheat,Other,FAQ,1285,1285,1285,28-05-2012
885,886,Bhatinda,Rampura Phul,Wheat,Other,FAQ,1285,1285,1285,29-05-2012
1276,1277,Bhatinda,Rampuraphul(Mehraj),Wheat,Other,FAQ,1285,1285,1285,30-05-2012
1710,1711,Bhatinda,Talwandi Sabo,Wheat,Other,FAQ,1285,1285,1285,31-05-2012
1381,1382,Bhatinda,Rampuraphul(Mehraj),Wheat,Other,FAQ,1285,1285,1285,01-06-2012
682,683,Bhatinda,Maur,Wheat,Other,FAQ,1285,1285,1285,02-06-2012
675,676,Bhatinda,Maur,Wheat,Other,FAQ,1285,1285,1285,03-06-2012
669,670,Bhatinda,Maur,Wheat,Other,FAQ,1285,1285,1285,04-06-2012
637,638,Bhatinda,Maur,Wheat,Other,FAQ,800,900,850,08-09-2012
109,110,Bhatinda,Bhagta Bhai Ka,Wheat,Other,FAQ,1280,1280,1280,16-10-2012
559,560,Bhatinda,Maur,Wheat,Other,FAQ,1280,1280,1280,18-10-2012
542,543,Bhatinda,Maur,Wheat,Other,FAQ,1280,1280,1280,20-10-2012
630,631,Bhatinda,Maur,Wheat,Other,FAQ,1280,1280,1280,09-11-2012
560,561,Bhatinda,Maur,Wheat,Other,FAQ,1280,1280,1280,18-11-2012
363,364,Bhatinda,Bhucho,Wheat,Other,FAQ,1350,1350,1350,11-04-2013
355,356,Bhatinda,Bhucho,Wheat,Other,FAQ,1350,1350,1350,12-04-2013
434,435,Bhatinda,Goniana,Wheat,Other,FAQ,1350,1350,1350,14-04-2013
595,596,Bhatinda,Maur,Wheat,Other,FAQ,1350,1350,1350,15-04-2013
110,111,Bhatinda,Bhagta Bhai Ka,Wheat,Other,FAQ,1350,1350,1350,16-04-2013
1426,1427,Bhatinda,Rampuraphul(Nabha Mandi),Wheat,Other,FAQ,1350,1350,1350,17-04-2013
787,788,Bhatinda,Raman,Wheat,Other,FAQ,1350,1350,1350,18-04-2013
934,935,Bhatinda,Rampura Phul,Wheat,Other,FAQ,1350,1350,1350,19-04-2013
1766,1767,Bhatinda,Talwandi Sabo,Wheat,Other,FAQ,1350,1350,1350,20-04-2013
1543,1544,Bhatinda,Sangat,Wheat,Other,FAQ,1350,1355,1350,21-04-2013
1530,1531,Bhatinda,Sangat,Wheat,Other,FAQ,1350,1355,1350,22-04-2013
745,746,Bhatinda,Raman,Wheat,Other,FAQ,1350,1350,1350,23-04-2013
1886,1887,Bhatinda,Talwandi Sabo(Kot Fatta),Wheat,Other,FAQ,1350,1350,1350,24-04-2013
246,247,Bhatinda,Bhucho,Wheat,Other,FAQ,1350,1350,1350,25-04-2013
443,444,Bhatinda,Goniana(Mehma Sarja),Wheat,Other,FAQ,1350,1350,1350,26-04-2013
488,489,Bhatinda,Maur,Wheat,Other,FAQ,1350,1350,1350,27-04-2013
479,480,Bhatinda,Maur,Wheat,Other,FAQ,1350,1350,1350,28-04-2013
440,441,Bhatinda,Goniana(Mehma Sarja),Wheat,Other,FAQ,1350,1350,1350,29-04-2013
1470,1471,Bhatinda,Sangat,Wheat,Other,FAQ,1350,1355,1350,30-04-2013
877,878,Bhatinda,Raman,Wheat,Other,FAQ,1350,1350,1350,01-05-2013
872,873,Bhatinda,Raman,Wheat,Other,FAQ,1350,1350,1350,02-05-2013
148,149,Bhatinda,Bhagta Bhai Ka,Wheat,Other,FAQ,1350,1350,1350,03-05-2013
1089,1090,Bhatinda,Rampuraphul(Bhai Rupan),Wheat,Other,FAQ,1350,1350,1350,04-05-2013
1841,1842,Bhatinda,Talwandi Sabo,Wheat,Other,FAQ,1350,1350,1350,05-05-2013
652,653,Bhatinda,Maur,Wheat,Other,FAQ,1350,1350,1350,06-05-2013
383,384,Bhatinda,Bhucho,Wheat,Other,FAQ,1350,1350,1350,07-05-2013
1166,1167,Bhatinda,Rampuraphul(Chowke),Wheat,Other,FAQ,1350,1350,1350,08-05-2013
633,634,Bhatinda,Maur,Wheat,Other,FAQ,1350,1350,1350,09-05-2013
1641,1642,Bhatinda,Sangat,Wheat,Other,FAQ,1350,1355,1350,10-05-2013
819,820,Bhatinda,Raman,Wheat,Other,FAQ,1350,1350,1350,11-05-2013
1623,1624,Bhatinda,Sangat,Wheat,Other,FAQ,1355,1355,1355,12-05-2013
345,346,Bhatinda,Bhucho,Wheat,Other,FAQ,1350,1350,1350,13-05-2013
805,806,Bhatinda,Raman,Wheat,Other,FAQ,1350,1350,1350,14-05-2013
589,590,Bhatinda,Maur,Wheat,Other,FAQ,1350,1350,1350,15-05-2013
580,581,Bhatinda,Maur,Wheat,Other,FAQ,1350,1350,1350,16-05-2013
316,317,Bhatinda,Bhucho,Wheat,Other,FAQ,1350,1350,1350,17-05-2013
305,306,Bhatinda,Bhucho,Wheat,Other,FAQ,1350,1350,1350,18-05-2013
552,553,Bhatinda,Maur,Wheat,Other,FAQ,1350,1350,1350,19-05-2013
286,287,Bhatinda,Bhucho,Wheat,Other,FAQ,1350,1350,1350,20-05-2013
534,535,Bhatinda,Maur,Wheat,Other,FAQ,1350,1350,1350,21-05-2013
267,268,Bhatinda,Bhucho,Wheat,Other,FAQ,1350,1350,1350,22-05-2013
250,251,Bhatinda,Bhucho,Wheat,Other,FAQ,1350,1350,1350,24-05-2013
1427,1428,Bhatinda,Rampuraphul(Nabha Mandi),Wheat,Other,FAQ,4800,5165,5085,16-12-2013
334,335,Bhatinda,Bhucho,Wheat,Other,FAQ,1400,1400,1400,15-04-2014
453,454,Bhatinda,Goniana(Mehma Sarja),Wheat,Other,FAQ,1400,1400,1400,16-04-2014
1919,1920,Bhatinda,Talwandi Sabo(Kot Fatta),Wheat,Other,FAQ,1400,1400,1400,17-04-2014
311,312,Bhatinda,Bhucho,Wheat,Other,FAQ,1400,1400,1400,18-04-2014
1562,1563,Bhatinda,Sangat,Wheat,Kanak,FAQ,1400,1405,1400,19-04-2014
929,930,Bhatinda,Rampura Phul,Wheat,Other,FAQ,1400,1400,1400,20-04-2014
281,282,Bhatinda,Bhucho,Wheat,Other,FAQ,1400,1400,1400,21-04-2014
272,273,Bhatinda,Bhucho,Wheat,Other,FAQ,1400,1400,1400,22-04-2014
1520,1521,Bhatinda,Sangat,Wheat,Kanak,FAQ,1400,1405,1400,23-04-2014
1131,1132,Bhatinda,Rampuraphul(Chowke),Wheat,Other,FAQ,1400,1400,1400,24-04-2014
1212,1213,Bhatinda,Rampuraphul(Dhapali),Wheat,Other,FAQ,1400,1400,1400,25-04-2014
1122,1123,Bhatinda,Rampuraphul(Chowke),Wheat,Other,FAQ,1400,1400,1400,26-04-2014
897,898,Bhatinda,Rampura Phul,Wheat,Other,FAQ,1400,1400,1400,27-04-2014
1009,1010,Bhatinda,Rampuraphul(Bhai Rupan),Wheat,Other,FAQ,1400,1400,1400,28-04-2014
889,890,Bhatinda,Rampura Phul,Wheat,Other,FAQ,1400,1400,1400,29-04-2014
1466,1467,Bhatinda,Rampuraphul(Nabha Mandi),Wheat,Other,FAQ,1400,1400,1400,01-05-2014
678,679,Bhatinda,Maur,Wheat,Other,FAQ,1400,1400,1400,02-05-2014
865,866,Bhatinda,Raman,Wheat,Other,FAQ,1400,1400,1400,03-05-2014
400,401,Bhatinda,Bhucho,Wheat,Other,FAQ,1400,1425,1400,04-05-2014
1840,1841,Bhatinda,Talwandi Sabo,Wheat,Other,FAQ,1400,1400,1400,05-05-2014
1943,1944,Bhatinda,Talwandi Sabo(Kot Fatta),Wheat,Other,FAQ,1400,1400,1400,06-05-2014
131,132,Bhatinda,Bhagta Bhai Ka,Wheat,Other,FAQ,1400,1400,1400,07-05-2014
639,640,Bhatinda,Maur,Wheat,Other,FAQ,1400,1400,1400,08-05-2014
968,969,Bhatinda,Rampura Phul,Wheat,Other,FAQ,1400,1400,1400,09-05-2014
1639,1640,Bhatinda,Sangat,Wheat,Kanak,FAQ,1400,1405,1400,10-05-2014
1072,1073,Bhatinda,Rampuraphul(Bhai Rupan),Wheat,Other,FAQ,1400,1400,1400,11-05-2014
1622,1623,Bhatinda,Sangat,Wheat,Other,FAQ,1400,1405,1400,12-05-2014
344,345,Bhatinda,Bhucho,Wheat,Other,FAQ,1400,1400,1400,13-05-2014
1603,1604,Bhatinda,Sangat,Wheat,Other,FAQ,1400,1405,1400,14-05-2014
588,589,Bhatinda,Maur,Wheat,Other,FAQ,1400,1400,1400,15-05-2014
1584,1585,Bhatinda,Sangat,Wheat,Kanak,FAQ,1400,1405,1400,16-05-2014
571,572,Bhatinda,Maur,Wheat,Other,FAQ,1400,1400,1400,17-05-2014
1567,1568,Bhatinda,Sangat,Wheat,Kanak,FAQ,1405,1405,1405,18-05-2014
1419,1420,Bhatinda,Rampuraphul(Nabha Mandi),Wheat,Other,FAQ,1400,1400,1400,19-05-2014
765,766,Bhatinda,Raman,Wheat,Other,FAQ,1400,1400,1400,20-05-2014
533,534,Bhatinda,Maur,Wheat,Other,FAQ,1400,1400,1400,21-05-2014
524,525,Bhatinda,Maur,Wheat,Other,FAQ,1400,1400,1400,22-05-2014
740,741,Bhatinda,Raman,Wheat,Other,FAQ,1400,1400,1400,23-05-2014
732,733,Bhatinda,Raman,Wheat,Other,FAQ,1400,1400,1400,24-05-2014
499,500,Bhatinda,Maur,Wheat,Other,FAQ,1400,1400,1400,25-05-2014
491,492,Bhatinda,Maur,Wheat,Other,FAQ,1400,1400,1400,26-05-2014
482,483,Bhatinda,Maur,Wheat,Other,FAQ,1400,1400,1400,27-05-2014
1607,1608,Bhatinda,Sangat,Wheat,Other,FAQ,1410,1410,1410,14-07-2014
310,311,Bhatinda,Bhucho,Wheat,Other,FAQ,1450,1450,1450,18-04-2015
1561,1562,Bhatinda,Sangat,Wheat,Other,FAQ,1450,1450,1450,19-04-2015
1552,1553,Bhatinda,Sangat,Wheat,Other,FAQ,1450,1450,1450,20-04-2015
1541,1542,Bhatinda,Sangat,Wheat,Other,FAQ,1450,1450,1450,21-04-2015
1223,1224,Bhatinda,Rampuraphul(Dhapali),Wheat,Other,FAQ,1450,1450,1450,22-04-2015
1890,1891,Bhatinda,Talwandi Sabo(Kot Fatta),Wheat,Other,FAQ,1450,1450,1450,23-04-2015
1215,1216,Bhatinda,Rampuraphul(Dhapali),Wheat,Other,FAQ,1450,1450,1450,24-04-2015
244,245,Bhatinda,Bhucho,Wheat,Other,FAQ,1450,1450,1450,25-04-2015
1121,1122,Bhatinda,Rampuraphul(Chowke),Wheat,Other,FAQ,1450,1450,1450,26-04-2015
175,176,Bhatinda,Bhagta Bhai Ka(Kotha Guru Ka),Wheat,Other,FAQ,1450,1450,1450,27-04-2015
1484,1485,Bhatinda,Sangat,Wheat,Other,FAQ,1450,1450,1450,28-04-2015
1283,1284,Bhatinda,Rampuraphul(Mehraj),Wheat,Other,FAQ,1450,1450,1450,29-04-2015
1713,1714,Bhatinda,Talwandi Sabo,Wheat,Other,FAQ,1450,1450,1450,30-04-2015
1961,1962,Bhatinda,Talwandi Sabo(Kot Fatta),Wheat,Other,FAQ,1450,1450,1450,01-05-2015
1461,1462,Bhatinda,Rampuraphul(Nabha Mandi),Wheat,Other,FAQ,1450,1450,1450,02-05-2015
1181,1182,Bhatinda,Rampuraphul(Chowke),Wheat,Other,FAQ,1450,1450,1450,03-05-2015
1951,1952,Bhatinda,Talwandi Sabo(Kot Fatta),Wheat,Other,FAQ,1450,1450,1450,04-05-2015
140,141,Bhatinda,Bhagta Bhai Ka,Wheat,Other,FAQ,1450,1450,1450,05-05-2015
845,846,Bhatinda,Raman,Wheat,Other,FAQ,1450,1450,1450,06-05-2015
1829,1830,Bhatinda,Talwandi Sabo,Wheat,Other,FAQ,1450,1450,1450,07-05-2015
638,639,Bhatinda,Maur,Wheat,Other,FAQ,1450,1450,1450,08-05-2015
1348,1349,Bhatinda,Rampuraphul(Mehraj),Wheat,Other,FAQ,1450,1450,1450,09-05-2015
625,626,Bhatinda,Maur,Wheat,Other,FAQ,1450,1450,1450,10-05-2015
1629,1630,Bhatinda,Sangat,Wheat,Other,FAQ,1450,1450,1450,11-05-2015
1248,1249,Bhatinda,Rampuraphul(Dhapali),Wheat,Other,FAQ,1450,1450,1450,12-05-2015
1245,1246,Bhatinda,Rampuraphul(Dhapali),Wheat,Other,FAQ,1450,1450,1450,13-05-2015
1243,1244,Bhatinda,Rampuraphul(Dhapali),Wheat,Other,FAQ,1450,1450,1450,14-05-2015
1592,1593,Bhatinda,Sangat,Wheat,Other,FAQ,1450,1450,1450,15-05-2015
1583,1584,Bhatinda,Sangat,Wheat,Other,FAQ,1450,1450,1450,16-05-2015
1330,1331,Bhatinda,Rampuraphul(Mehraj),Wheat,Other,FAQ,1450,1450,1450,17-05-2015
1775,1776,Bhatinda,Talwandi Sabo,Wheat,Other,FAQ,1450,1450,1450,18-05-2015
773,774,Bhatinda,Raman,Wheat,Other,FAQ,1450,1450,1450,19-05-2015
1547,1548,Bhatinda,Sangat,Wheat,Other,FAQ,1450,1450,1450,20-05-2015
1534,1535,Bhatinda,Sangat,Wheat,Other,FAQ,1450,1450,1450,21-05-2015
1635,1636,Bhatinda,Sangat,Wheat,Other,FAQ,1525,1525,1525,11-04-2016
1345,1346,Bhatinda,Rampuraphul(Mehraj),Wheat,Other,FAQ,1525,1525,1525,12-04-2016
956,957,Bhatinda,Rampura Phul,Wheat,Other,FAQ,1525,1525,1525,13-04-2016
604,605,Bhatinda,Maur,Wheat,Other,FAQ,1525,1525,1525,14-04-2016
113,114,Bhatinda,Bhagta Bhai Ka,Wheat,Other,FAQ,1525,1525,1525,15-04-2016
799,800,Bhatinda,Raman,Wheat,Other,FAQ,1525,1525,1525,16-04-2016
793,794,Bhatinda,Raman,Wheat,Other,FAQ,1525,1525,1525,17-04-2016
102,103,Bhatinda,Bhagta Bhai Ka,Wheat,Other,FAQ,1525,1525,1525,18-04-2016
555,556,Bhatinda,Maur,Wheat,Other,FAQ,1525,1525,1525,19-04-2016
1044,1045,Bhatinda,Rampuraphul(Bhai Rupan),Wheat,Other,FAQ,1525,1525,1525,20-04-2016
924,925,Bhatinda,Rampura Phul,Wheat,Other,FAQ,1525,1525,1525,21-04-2016
1410,1411,Bhatinda,Rampuraphul(Nabha Mandi),Wheat,Other,FAQ,1525,1525,1525,22-04-2016
1220,1221,Bhatinda,Rampuraphul(Dhapali),Wheat,Other,FAQ,1525,1525,1525,23-04-2016
1403,1404,Bhatinda,Rampuraphul(Nabha Mandi),Wheat,Other,FAQ,1525,1525,1525,24-04-2016
1738,1739,Bhatinda,Talwandi Sabo,Wheat,Other,FAQ,1525,1525,1525,25-04-2016
494,495,Bhatinda,Maur,Wheat,Other,FAQ,1525,1525,1525,26-04-2016
1726,1727,Bhatinda,Talwandi Sabo,Wheat,Other,FAQ,1525,1525,1525,27-04-2016
477,478,Bhatinda,Maur,Wheat,Other,FAQ,1525,1525,1525,28-04-2016
696,697,Bhatinda,Raman,Wheat,Other,FAQ,1525,1525,1525,29-04-2016
692,693,Bhatinda,Raman,Wheat,Other,FAQ,1525,1525,1525,30-04-2016
1377,1378,Bhatinda,Rampuraphul(Mehraj),Wheat,Other,FAQ,1525,1525,1525,01-05-2016
1855,1856,Bhatinda,Talwandi Sabo,Wheat,Other,FAQ,1525,1525,1525,02-05-2016
671,672,Bhatinda,Maur,Wheat,Other,FAQ,1525,1525,1525,03-05-2016
858,859,Bhatinda,Raman,Wheat,Other,FAQ,1525,1525,1525,04-05-2016
1947,1948,Bhatinda,Talwandi Sabo(Kot Fatta),Wheat,Other,FAQ,1525,1525,1525,05-05-2016
134,135,Bhatinda,Bhagta Bhai Ka,Wheat,Other,FAQ,1525,1525,1525,06-05-2016
1659,1660,Bhatinda,Sangat,Wheat,Other,FAQ,1525,1525,1525,07-05-2016
833,834,Bhatinda,Raman,Wheat,Other,FAQ,1525,1525,1525,08-05-2016
827,828,Bhatinda,Raman,Wheat,Other,FAQ,1525,1525,1525,09-05-2016
1816,1817,Bhatinda,Talwandi Sabo,Wheat,Other,FAQ,1525,1525,1525,10-05-2016
816,817,Bhatinda,Raman,Wheat,Other,FAQ,1525,1525,1525,11-05-2016
808,809,Bhatinda,Raman,Wheat,Other,FAQ,1525,1525,1525,13-05-2016
1582,1583,Bhatinda,Sangat,Wheat,Other,FAQ,1525,1525,1525,16-05-2016
655,656,Bhatinda,Maur,Wheat,Other,FAQ,1625,1625,1625,06-04-2017
643,644,Bhatinda,Maur,Wheat,Other,FAQ,1625,1625,1625,08-04-2017
1437,1438,Bhatinda,Rampuraphul(Nabha Mandi),Wheat,Other,FAQ,1625,1625,1625,11-04-2017
616,617,Bhatinda,Maur,Wheat,Other,FAQ,1625,1625,1625,12-04-2017
955,956,Bhatinda,Rampura Phul,Wheat,Other,FAQ,1625,1625,1625,13-04-2017
1797,1798,Bhatinda,Talwandi Sabo,Wheat,Other,FAQ,1625,1625,1625,14-04-2017
1240,1241,Bhatinda,Rampuraphul(Dhapali),Wheat,Other,FAQ,1625,1625,1625,15-04-2017
328,329,Bhatinda,Bhucho,Wheat,Other,FAQ,1625,1625,1625,16-04-2017
169,170,Bhatinda,Bhagta Bhai Ka (Jalal),Wheat,Other,FAQ,1625,1625,1625,17-04-2017
1776,1777,Bhatinda,Talwandi Sabo,Wheat,Other,FAQ,1625,1625,1625,18-04-2017
96,97,Bhatinda,Bhagta Bhai Ka,Wheat,Other,FAQ,1625,1625,1625,19-04-2017
184,185,Bhatinda,Bhagta Bhai Ka(Kotha Guru Ka),Wheat,Other,FAQ,1625,1625,1625,20-04-2017
1980,1981,Bhatinda,Talwandi Sabo(Shekhupura),Wheat,Other,FAQ,1625,1625,1625,21-04-2017
1751,1752,Bhatinda,Talwandi Sabo,Wheat,Other,FAQ,1625,1625,1625,22-04-2017
1888,1889,Bhatinda,Talwandi Sabo(Kot Fatta),Wheat,Other,FAQ,1625,1625,1625,23-04-2017
10,11,Bhatinda,Bathinda,Wheat,Other,FAQ,1625,1625,1625,24-04-2017
1971,1972,Bhatinda,Talwandi Sabo(Shekhupura),Wheat,Other,FAQ,1625,1625,1625,25-04-2017
1732,1733,Bhatinda,Talwandi Sabo,Wheat,Other,FAQ,1625,1625,1625,26-04-2017
1489,1490,Bhatinda,Sangat,Wheat,Other,FAQ,1625,1625,1625,27-04-2017
161,162,Bhatinda,Bhagta Bhai Ka (Jalal),Wheat,Other,FAQ,1625,1625,1625,28-04-2017
886,887,Bhatinda,Rampura Phul,Wheat,Other,FAQ,1625,1625,1625,29-04-2017
464,465,Bhatinda,Maur,Wheat,Other,FAQ,1625,1625,1625,30-04-2017
1702,1703,Bhatinda,Sangat,Wheat,Other,FAQ,1625,1625,1625,01-05-2017
991,992,Bhatinda,Rampura Phul,Wheat,Other,FAQ,1625,1625,1625,02-05-2017
1849,1850,Bhatinda,Talwandi Sabo,Wheat,Other,FAQ,1625,1625,1625,03-05-2017
1261,1262,Bhatinda,Rampuraphul(Dhapali),Wheat,Other,FAQ,1625,1625,1625,04-05-2017
979,980,Bhatinda,Rampura Phul,Wheat,Other,FAQ,1625,1625,1625,05-05-2017
1941,1942,Bhatinda,Talwandi Sabo(Kot Fatta),Wheat,Other,FAQ,1625,1625,1625,06-05-2017
1645,1646,Bhatinda,Sangat,Wheat,Other,FAQ,1625,1625,1625,09-05-2017
963,964,Bhatinda,Rampura Phul,Wheat,Other,FAQ,1625,1625,1625,10-05-2017
1628,1629,Bhatinda,Sangat,Wheat,Other,FAQ,1625,1625,1625,11-05-2017
1619,1620,Bhatinda,Sangat,Wheat,Other,FAQ,1625,1625,1625,12-05-2017
